{
  "Link Color" : {
    "Red Component" : 0.087849192321300507,
    "Color Space" : "sRGB",
    "Blue Component" : 0.99828165769577026,
    "Alpha Component" : 1,
    "Green Component" : 0.69009816646575928
  },
  "Tags" : [

  ],
  "Ansi 12 Color" : {
    "Red Component" : 0.090461708605289459,
    "Color Space" : "sRGB",
    "Blue Component" : 1,
    "Alpha Component" : 1,
    "Green Component" : 0.69005459547042847
  },
  "Ansi 7 Color" : {
    "Red Component" : 0.72623991966247559,
    "Color Space" : "sRGB",
    "Blue Component" : 0.79459840059280396,
    "Alpha Component" : 1,
    "Green Component" : 0.75171965360641479
  },
  "Draw Powerline Glyphs" : true,
  "Bold Color" : {
    "Red Component" : 0.72623991966247559,
    "Color Space" : "sRGB",
    "Blue Component" : 0.79459840059280396,
    "Alpha Component" : 1,
    "Green Component" : 0.75171965360641479
  },
  "Ansi 8 Color" : {
    "Red Component" : 0.43546438217163086,
    "Color Space" : "sRGB",
    "Blue Component" : 0.51439088582992554,
    "Alpha Component" : 1,
    "Green Component" : 0.46512907743453979
  },
  "Ansi 9 Color" : {
    "Red Component" : 0.94453364610671997,
    "Color Space" : "sRGB",
    "Blue Component" : 0.3651004433631897,
    "Alpha Component" : 1,
    "Green Component" : 0.27986931800842285
  },
  "Horizontal Spacing" : 1,
  "Rows" : 25,
  "Default Bookmark" : "No",
  "Right Option Key Sends" : 0,
  "Cursor Guide Color" : {
    "Red Component" : 0.70213186740875244,
    "Color Space" : "sRGB",
    "Blue Component" : 1,
    "Alpha Component" : 0.25,
    "Green Component" : 0.9268307089805603
  },
  "Non-ASCII Anti Aliased" : true,
  "Use Bright Bold" : true,
  "Ansi 10 Color" : {
    "Red Component" : 0.56875580549240112,
    "Color Space" : "sRGB",
    "Blue Component" : 0.39388945698738098,
    "Alpha Component" : 1,
    "Green Component" : 0.891704261302948
  },
  "Ambiguous Double Width" : false,
  "Jobs to Ignore" : [
    "rlogin",
    "ssh",
    "slogin",
    "telnet"
  ],
  "Ansi 15 Color" : {
    "Red Component" : 0.9999966025352478,
    "Color Space" : "sRGB",
    "Blue Component" : 0.99999994039535522,
    "Alpha Component" : 1,
    "Green Component" : 0.99999994039535522
  },
  "Foreground Color" : {
    "Red Component" : 0.76566249132156372,
    "Color Space" : "sRGB",
    "Blue Component" : 0.88178509473800659,
    "Alpha Component" : 1,
    "Green Component" : 0.81525641679763794
  },
  "Working Directory" : "\/Users\/tobias",
  "Blinking Cursor" : false,
  "Disable Window Resizing" : true,
  "Sync Title" : false,
  "Prompt Before Closing 2" : false,
  "BM Growl" : true,
  "Mouse Reporting" : true,
  "Command" : "",
  "Description" : "Default",
  "Space" : 0,
  "Screen" : -1,
  "Selection Color" : {
    "Red Component" : 0.24596336483955383,
    "Color Space" : "sRGB",
    "Blue Component" : 0.30914402008056641,
    "Alpha Component" : 1,
    "Green Component" : 0.27484309673309326
  },
  "Only The Default BG Color Uses Transparency" : true,
  "Columns" : 80,
  "Idle Code" : 0,
  "Hide After Opening" : false,
  "Ansi 13 Color" : {
    "Red Component" : 0.84598284959793091,
    "Color Space" : "sRGB",
    "Blue Component" : 0.87639153003692627,
    "Alpha Component" : 1,
    "Green Component" : 0.47924214601516724
  },
  "Title Components" : 131,
  "Custom Command" : "No",
  "Use Custom Window Title" : false,
  "ASCII Anti Aliased" : true,
  "Non Ascii Font" : "MesloLGMNerdFontComplete-Regular 12",
  "Vertical Spacing" : 1,
  "Use Bold Font" : true,
  "Option Key Sends" : 0,
  "Selected Text Color" : {
    "Red Component" : 0.76351004838943481,
    "Color Space" : "sRGB",
    "Blue Component" : 0.88072347640991211,
    "Alpha Component" : 1,
    "Green Component" : 0.81633096933364868
  },
  "Background Color" : {
    "Red Component" : 0.15368783473968506,
    "Color Space" : "sRGB",
    "Blue Component" : 0.20697581768035889,
    "Alpha Component" : 1,
    "Green Component" : 0.17255491018295288
  },
  "Character Encoding" : 4,
  "Ansi 11 Color" : {
    "Red Component" : 0.86179488897323608,
    "Color Space" : "sRGB",
    "Blue Component" : 0.26780635118484497,
    "Alpha Component" : 1,
    "Green Component" : 0.54989564418792725
  },
  "Use Italic Font" : true,
  "Unlimited Scrollback" : false,
  "Keyboard Map" : {
    "0x33-0x200000-0x0" : {
      "Text" : "3",
      "Action" : 12
    },
    "0x2f-0x200000-0x0" : {
      "Text" : "\/",
      "Action" : 12
    },
    "0x3-0x200000-0x0" : {
      "Text" : "0xd",
      "Action" : 11
    },
    "0x38-0x200000-0x0" : {
      "Text" : "8",
      "Action" : 12
    },
    "0xf728-0x80000-0x0" : {
      "Text" : "d",
      "Action" : 10
    },
    "0xf70e-0x20000-0x0" : {
      "Text" : "[23;2~",
      "Action" : 10
    },
    "0xf701-0x220000-0x0" : {
      "Text" : "[1;2B",
      "Action" : 10
    },
    "0x32-0x40000-0x0" : {
      "Text" : "0x00",
      "Action" : 11
    },
    "0xf700-0x240000-0x0" : {
      "Text" : "[1;5A",
      "Action" : 10
    },
    "0xf703-0x220000-0x0" : {
      "Text" : "[1;2C",
      "Action" : 10
    },
    "0xf70b-0x20000-0x0" : {
      "Text" : "[19;2~",
      "Action" : 10
    },
    "0xf702-0x240000-0x0" : {
      "Text" : "[1;5D",
      "Action" : 10
    },
    "0xf701-0x280000" : {
      "Text" : "0x1b 0x1b 0x5b 0x42",
      "Action" : 11
    },
    "0xf701-0x260000-0x0" : {
      "Text" : "[1;6B",
      "Action" : 10
    },
    "0xf72b-0x40000-0x0" : {
      "Text" : "[1;5F",
      "Action" : 10
    },
    "0xf703-0x260000-0x0" : {
      "Text" : "[1;6C",
      "Action" : 10
    },
    "0x31-0x200000-0x0" : {
      "Text" : "1",
      "Action" : 12
    },
    "0xf702-0x280000-0x0" : {
      "Text" : "b",
      "Action" : 10
    },
    "0x2d-0x200000-0x0" : {
      "Text" : "-",
      "Action" : 12
    },
    "0xf709-0x20000-0x0" : {
      "Text" : "[17;2~",
      "Action" : 10
    },
    "0xf700-0x280000" : {
      "Text" : "0x1b 0x1b 0x5b 0x41",
      "Action" : 11
    },
    "0x36-0x200000-0x0" : {
      "Text" : "6",
      "Action" : 12
    },
    "0xf706-0x20000-0x0" : {
      "Text" : "[1;2R",
      "Action" : 10
    },
    "0x36-0x40000-0x0" : {
      "Text" : "0x1e",
      "Action" : 11
    },
    "0xf729-0x40000-0x0" : {
      "Text" : "[1;5H",
      "Action" : 10
    },
    "0x2d-0x40000-0x0" : {
      "Text" : "0x1f",
      "Action" : 11
    },
    "0xf702-0x300000-0x0" : {
      "Text" : "0x1",
      "Action" : 11
    },
    "0x7f-0x80000-0x0" : {
      "Text" : "0x1b 0x7f",
      "Action" : 11
    },
    "0x33-0x40000-0x0" : {
      "Text" : "0x1b",
      "Action" : 11
    },
    "0x2b-0x200000-0x0" : {
      "Text" : "+",
      "Action" : 12
    },
    "0x34-0x200000-0x0" : {
      "Text" : "4",
      "Action" : 12
    },
    "0xf70d-0x20000-0x0" : {
      "Text" : "[21;2~",
      "Action" : 10
    },
    "0xf72b-0x20000-0x0" : {
      "Text" : "[1;2F",
      "Action" : 10
    },
    "0x39-0x200000-0x0" : {
      "Text" : "9",
      "Action" : 12
    },
    "0xf70a-0x20000-0x0" : {
      "Text" : "[18;2~",
      "Action" : 10
    },
    "0x37-0x40000-0x0" : {
      "Text" : "0x1f",
      "Action" : 11
    },
    "0xf708-0x20000-0x0" : {
      "Text" : "[15;2~",
      "Action" : 10
    },
    "0xf729-0x20000-0x0" : {
      "Text" : "[1;2H",
      "Action" : 10
    },
    "0xf700-0x220000-0x0" : {
      "Text" : "[1;2A",
      "Action" : 10
    },
    "0xf705-0x20000-0x0" : {
      "Text" : "[1;2Q",
      "Action" : 10
    },
    "0xf702-0x220000-0x0" : {
      "Text" : "[1;2D",
      "Action" : 10
    },
    "0x2e-0x200000-0x0" : {
      "Text" : ".",
      "Action" : 12
    },
    "0x32-0x200000-0x0" : {
      "Text" : "2",
      "Action" : 12
    },
    "0xf701-0x240000-0x0" : {
      "Text" : "[1;5B",
      "Action" : 10
    },
    "0xf700-0x260000-0x0" : {
      "Text" : "[1;6A",
      "Action" : 10
    },
    "0x37-0x200000-0x0" : {
      "Text" : "7",
      "Action" : 12
    },
    "0xf703-0x240000-0x0" : {
      "Text" : "[1;5C",